; matrix-scan  -quick -v 1 -matrix_format transfac -m ./Demo_01/IntermediateFiles/network-interactions_used_matrixes_2022-03-03.092844.tf -bginput -markov 1 -i ./Demo_01/IntermediateFiles/network-interactions_used_cre_seqs_geneheader_2022-03-03.092844.fa -o ./Demo_01/IntermediateFiles/network-interactions_used_matrix-scan_results_2022-03-03.092844.tsv -id_as_name -lth score 5 -uth pval 0.0005
; Quick counting mode           
; Input files
;	input	./Demo_01/IntermediateFiles/network-interactions_used_cre_seqs_geneheader_2022-03-03.092844.fa
; Matrix files
;	matrix 1	./Demo_01/IntermediateFiles/network-interactions_used_matrixes_2022-03-03.092844.tf
; Sequence format      	fasta
; Output files
;	output	./Demo_01/IntermediateFiles/network-interactions_used_matrix-scan_results_2022-03-03.092844.tsv
; Pseudo counts        	1
; Background model
;	Method        	input
;	Markov order  	1
;	Strand        	undef
;	Background pseudo-frequency	0.01
;	Residue probabilities
;		a	0.23571
;		c	0.25895
;		g	0.26502
;		t	0.24033
; Thresholds	lower	upper
;	pval  	NA	0.0005
;	score 	5    	NA
; Output columns
;	1	seq_id
;	2	ft_type
;	3	ft_name
;	4	strand
;	5	start
;	6	end
;	7	sequence
;	8	weight
#seq_id	ft_type	ft_name	strand	start	end	sequence	weight	Pval	ln_Pval	sig
galGal4_chr5_48408565_48409521_+_*_YY1	site	LMX1B	D	299	309	TATTTAATAAA	2.0	1.9e-04	-8.568	3.721
galGal4_chr5_48408565_48409521_+_*_YY1	site	LMX1B	R	302	312	TATTTTATTAA	1.9	1.9e-04	-8.568	3.721
galGal4_chr9_7126744_7128049_+_*_XLOC_015475	site	LMX1B	D	198	208	ATTTTAAGTAG	0.8	3.3e-04	-8.016	3.481
galGal4_chr9_7126744_7128049_+_*_XLOC_015475	site	LMX1B	D	450	460	ACTTTAAATAA	1.5	2.2e-04	-8.422	3.658
galGal4_chr9_7126744_7128049_+_*_XLOC_015475	site	LMX1B	R	453	463	GTATTATTTAA	1.7	2.1e-04	-8.468	3.678
galGal4_chr9_7126744_7128049_+_*_XLOC_015475	site	LMX1B	D	671	681	TCCCTAATTAC	6.0	8.9e-05	-9.327	4.051
galGal4_chr9_7126744_7128049_+_*_XLOC_015475	site	LMX1B	R	674	684	CCTGTAATTAG	5.5	9.5e-05	-9.262	4.022
galGal4_chr5_2570682_2572149_+_*_gga	site	LMX1B	R	529	539	GACGTAATTCT	0.8	3.3e-04	-8.016	3.481
galGal4_chr5_2570682_2572149_+_*_gga	site	LMX1B	D	1012	1022	ATATAAATTAT	1.5	2.2e-04	-8.422	3.658
galGal4_chr5_2570682_2572149_+_*_gga	site	LMX1B	D	1212	1222	CGTTTAATAAA	0.9	3.0e-04	-8.112	3.523
galGal4_chr5_2570682_2572149_+_*_gga	site	LMX1B	R	1215	1225	AATTTTATTAA	2.3	1.6e-04	-8.740	3.796
galGal4_chr6_5489857_5491155_+_*_ENSGALG00000024315	site	LMX1B	D	252	262	AAGTTTATTAA	1.4	2.3e-04	-8.377	3.638
galGal4_chr6_5489857_5491155_+_*_ENSGALG00000024315	site	LMX1B	R	255	265	CGTTTAATAAA	0.9	3.0e-04	-8.112	3.523
galGal4_chr2_112964339_112965278_+_*_ENSGALG00000015479	site	LMX1B	D	197	207	CTATTAATGAA	0.9	3.0e-04	-8.112	3.523
galGal4_chr3_91354278_91356176_+_*_XLOC_011029	site	LMX1B	R	463	473	TTACTAATTCC	1.9	1.9e-04	-8.568	3.721
galGal4_chr3_91354278_91356176_+_*_XLOC_011029	site	LMX1B	R	470	480	CTTTTATTTAC	0.2	4.6e-04	-7.684	3.337
galGal4_chr3_91354278_91356176_+_*_XLOC_011029	site	LMX1B	D	523	533	ATTTTAATCAA	2.3	1.7e-04	-8.680	3.770
galGal4_chr3_91354278_91356176_+_*_XLOC_011029	site	LMX1B	R	526	536	GATTTGATTAA	1.7	2.1e-04	-8.468	3.678
galGal4_chr3_91354278_91356176_+_*_XLOC_011029	site	LMX1B	D	619	629	ATCTTAAATAC	0.5	3.9e-04	-7.849	3.409
galGal4_chr3_91354278_91356176_+_*_XLOC_011029	site	LMX1B	R	946	956	TGGTTAATTCC	1.9	1.9e-04	-8.568	3.721
galGal4_chr3_91354278_91356176_+_*_XLOC_011029	site	LMX1B	R	1352	1362	TGTTTAGTTAC	0.2	4.6e-04	-7.684	3.337
galGal4_chr6_12784442_12785279_+_*_DLG5	site	LMX1B	R	92	102	ACATTAATTGA	0.8	3.3e-04	-8.016	3.481
galGal4_chr6_12784442_12785279_+_*_DLG5	site	LMX1B	D	310	320	TTAGTAATTCT	0.7	3.7e-04	-7.902	3.432
galGal4_chr1_117420844_117422368_+_*_SCARNA24	site	LMX1B	D	307	317	AAATTAATTAA	11.2	2.5e-06	-12.899	5.602
galGal4_chr1_117420844_117422368_+_*_SCARNA24	site	LMX1B	R	310	320	TTTTTAATTAA	10.6	6.7e-06	-11.913	5.174
galGal4_chr1_117420844_117422368_+_*_SCARNA24	site	LMX1B	D	387	397	ACGTTAATAAA	1.3	2.5e-04	-8.294	3.602
galGal4_chr1_117420844_117422368_+_*_SCARNA24	site	LMX1B	D	1163	1173	CTATTAATTTA	1.0	3.0e-04	-8.112	3.523
galGal4_chr1_117420844_117422368_+_*_SCARNA24	site	LMX1B	D	1210	1220	ACTTCAATTAT	0.4	4.1e-04	-7.799	3.387
galGal4_chr1_117420844_117422368_+_*_SCARNA24	site	LMX1B	D	1317	1327	TCACTAATTAG	6.0	8.9e-05	-9.327	4.051
galGal4_chr1_117420844_117422368_+_*_SCARNA24	site	LMX1B	R	1320	1330	AAGCTAATTAG	7.2	6.8e-05	-9.596	4.167
galGal4_chr8_1035758_1037827_+_*_VAV3	site	LMX1B	D	408	418	AGTTTATTTAT	0.6	3.7e-04	-7.902	3.432
galGal4_chr8_1035758_1037827_+_*_VAV3	site	LMX1B	R	761	771	TTTTTATTTAA	0.8	3.3e-04	-8.016	3.481
galGal4_chr8_1035758_1037827_+_*_VAV3	site	LMX1B	D	1130	1140	AAGTTAATAAA	1.5	2.2e-04	-8.422	3.658
galGal4_chr8_1035758_1037827_+_*_VAV3	site	LMX1B	R	1184	1194	ACGTTATTTAC	0.6	3.7e-04	-7.902	3.432
galGal4_chr8_1035758_1037827_+_*_VAV3	site	LMX1B	R	1264	1274	CTTTTACTTAC	0.5	4.1e-04	-7.799	3.387
galGal4_chr8_1035758_1037827_+_*_VAV3	site	LMX1B	D	1758	1768	GTACTATTTAA	0.2	4.6e-04	-7.684	3.337
galGal4_chr8_1035758_1037827_+_*_VAV3	site	LMX1B	R	2030	2040	GAATTAATCAC	0.1	4.9e-04	-7.621	3.310
galGal4_chr8_1035758_1037827_+_*_VAV3	site	LMX1B	D	2031	2041	TGATTAATTCG	2.0	1.8e-04	-8.623	3.745
galGal4_chr9_21588443_21589179_+_*_KPNA4	site	LMX1B	D	305	315	CGTTTAATTGA	0.8	3.5e-04	-7.958	3.456
galGal4_chr9_21588443_21589179_+_*_KPNA4	site	LMX1B	R	308	318	AAGTCAATTAA	1.4	2.5e-04	-8.294	3.602
galGal4_chr5_10646723_10648243_+_*_SOX6	site	LMX1B	D	283	293	ACAGTAATTAT	7.0	7.1e-05	-9.553	4.149
galGal4_chr5_10646723_10648243_+_*_SOX6	site	LMX1B	R	683	693	GCTTTAAATAA	0.2	4.6e-04	-7.684	3.337
galGal4_chr3_5603949_5605124_+_*_SNRPB2	site	LMX1B	D	96	106	TTTTTAGTTAA	1.2	2.7e-04	-8.217	3.569
galGal4_chr3_5603949_5605124_+_*_SNRPB2	site	LMX1B	R	99	109	CATTTAACTAA	1.6	2.1e-04	-8.468	3.678
galGal4_chr3_11581493_11583017_+_*_ENSGALG00000009178	site	LMX1B	R	7	17	AATTTAACTAG	0.8	3.3e-04	-8.016	3.481
galGal4_chr2_87130510_87131509_+_*_IRX1	site	LMX1B	D	8	18	ACAGTAATTCA	2.0	1.9e-04	-8.568	3.721
galGal4_chr2_87130510_87131509_+_*_IRX1	site	LMX1B	D	149	159	ATGTTATTTAC	1.2	2.6e-04	-8.255	3.585
galGal4_chr2_87130510_87131509_+_*_IRX1	site	LMX1B	D	8	18	ACAGTAATTCA	2.0	1.9e-04	-8.568	3.721
galGal4_chr2_87130510_87131509_+_*_IRX1	site	LMX1B	D	149	159	ATGTTATTTAC	1.2	2.6e-04	-8.255	3.585
galGal4_chr2_116791463_116792812_+_*_EYA1	site	LMX1B	D	416	426	ATTTTAATAAT	1.4	2.3e-04	-8.377	3.638
galGal4_chr2_116791463_116792812_+_*_EYA1	site	LMX1B	D	419	429	TTAATAATTAA	1.2	2.7e-04	-8.217	3.569
galGal4_chr2_116791463_116792812_+_*_EYA1	site	LMX1B	R	422	432	TCTTTAATTAT	9.0	2.8e-05	-10.483	4.553
galGal4_chr2_116791463_116792812_+_*_EYA1	site	LMX1B	D	416	426	ATTTTAATAAT	1.4	2.3e-04	-8.377	3.638
galGal4_chr2_116791463_116792812_+_*_EYA1	site	LMX1B	D	419	429	TTAATAATTAA	1.2	2.7e-04	-8.217	3.569
galGal4_chr2_116791463_116792812_+_*_EYA1	site	LMX1B	R	422	432	TCTTTAATTAT	9.0	2.8e-05	-10.483	4.553
galGal4_chr2_116791463_116792812_+_*_EYA1	site	LMX1B	D	416	426	ATTTTAATAAT	1.4	2.3e-04	-8.377	3.638
galGal4_chr2_116791463_116792812_+_*_EYA1	site	LMX1B	D	419	429	TTAATAATTAA	1.2	2.7e-04	-8.217	3.569
galGal4_chr2_116791463_116792812_+_*_EYA1	site	LMX1B	R	422	432	TCTTTAATTAT	9.0	2.8e-05	-10.483	4.553
galGal4_chr2_116791463_116792812_+_*_EYA1	site	LMX1B	D	416	426	ATTTTAATAAT	1.4	2.3e-04	-8.377	3.638
galGal4_chr2_116791463_116792812_+_*_EYA1	site	LMX1B	D	419	429	TTAATAATTAA	1.2	2.7e-04	-8.217	3.569
galGal4_chr2_116791463_116792812_+_*_EYA1	site	LMX1B	R	422	432	TCTTTAATTAT	9.0	2.8e-05	-10.483	4.553
galGal4_chr26_4959032_4960031_+_*_TFEB	site	LMX1B	R	172	182	ATTTTAATGAC	1.6	2.1e-04	-8.468	3.678
galGal4_chr26_4959032_4960031_+_*_TFEB	site	LMX1B	D	312	322	TTCTTAATTAG	7.5	6.0e-05	-9.721	4.222
galGal4_chr26_4959032_4960031_+_*_TFEB	site	LMX1B	R	315	325	GGCCTAATTAA	6.7	7.6e-05	-9.485	4.119
galGal4_chr26_4959032_4960031_+_*_TFEB	site	LMX1B	R	641	651	AACTTCATTAA	0.7	3.5e-04	-7.958	3.456
galGal4_chr26_4959032_4960031_+_*_TFEB	site	LMX1B	D	844	854	GCTCTAATTAA	8.6	3.6e-05	-10.232	4.444
galGal4_chr26_4959032_4960031_+_*_TFEB	site	LMX1B	R	847	857	TGGTTAATTAG	7.3	6.5e-05	-9.641	4.187
galGal4_chr26_4959032_4960031_+_*_TFEB	site	LMX1B	R	172	182	ATTTTAATGAC	1.6	2.1e-04	-8.468	3.678
galGal4_chr26_4959032_4960031_+_*_TFEB	site	LMX1B	D	312	322	TTCTTAATTAG	7.5	6.0e-05	-9.721	4.222
galGal4_chr26_4959032_4960031_+_*_TFEB	site	LMX1B	R	315	325	GGCCTAATTAA	6.7	7.6e-05	-9.485	4.119
galGal4_chr26_4959032_4960031_+_*_TFEB	site	LMX1B	R	641	651	AACTTCATTAA	0.7	3.5e-04	-7.958	3.456
galGal4_chr26_4959032_4960031_+_*_TFEB	site	LMX1B	D	844	854	GCTCTAATTAA	8.6	3.6e-05	-10.232	4.444
galGal4_chr26_4959032_4960031_+_*_TFEB	site	LMX1B	R	847	857	TGGTTAATTAG	7.3	6.5e-05	-9.641	4.187
galGal4_chr5_48408565_48409521_+_*_YY1	site	TFEB	R	8	17	AACACGAGCC	5.7	3.4e-04	-7.987	3.469
galGal4_chr5_48408565_48409521_+_*_YY1	site	TFEB	D	210	219	GTCATGTGGT	6.2	2.2e-04	-8.422	3.658
galGal4_chr5_48408565_48409521_+_*_YY1	site	TFEB	R	210	219	ACCACATGAC	9.8	9.5e-06	-11.564	5.022
galGal4_chr6_28160839_28161624_+_*_GFRA1	site	TFEB	R	489	498	ATCACCTGCC	5.9	2.7e-04	-8.217	3.569
galGal4_chr9_7126744_7128049_+_*_XLOC_015475	site	TFEB	D	343	352	AACACATGAA	5.7	3.2e-04	-8.047	3.495
galGal4_chr9_7126744_7128049_+_*_XLOC_015475	site	TFEB	R	500	509	ACCAGGTGAC	6.0	2.7e-04	-8.217	3.569
galGal4_chr9_7126744_7128049_+_*_XLOC_015475	site	TFEB	D	1007	1016	AGCACATGGT	5.6	3.4e-04	-7.987	3.469
galGal4_chr9_7126744_7128049_+_*_XLOC_015475	site	TFEB	R	1007	1016	ACCATGTGCT	6.3	2.0e-04	-8.517	3.699
galGal4_chr3_32659586_32660551_+_*_SULT6B1	site	TFEB	D	424	433	CTCACCTGAC	6.5	1.9e-04	-8.568	3.721
galGal4_chr5_2570682_2572149_+_*_gga	site	TFEB	D	111	120	CCCACGAGAT	6.0	2.5e-04	-8.294	3.602
galGal4_chr5_2570682_2572149_+_*_gga	site	TFEB	R	1127	1136	CTCCCATGAC	5.2	4.5e-04	-7.706	3.347
galGal4_chr5_2570682_2572149_+_*_gga	site	TFEB	D	1384	1393	ATCGCATGAC	5.7	3.4e-04	-7.987	3.469
galGal4_chr6_5489857_5491155_+_*_ENSGALG00000024315	site	TFEB	D	84	93	GTCATGTGAT	8.7	2.7e-05	-10.520	4.569
galGal4_chr6_5489857_5491155_+_*_ENSGALG00000024315	site	TFEB	R	84	93	ATCACATGAC	10.6	3.5e-06	-12.563	5.456
galGal4_chr6_5489857_5491155_+_*_ENSGALG00000024315	site	TFEB	R	504	513	CCCCCGTGAC	6.0	2.5e-04	-8.294	3.602
galGal4_chr6_5489857_5491155_+_*_ENSGALG00000024315	site	TFEB	R	618	627	GCCACCTGAC	6.4	1.9e-04	-8.568	3.721
galGal4_chr2_112964339_112965278_+_*_ENSGALG00000015479	site	TFEB	R	736	745	GGCACCTGAC	5.8	3.2e-04	-8.047	3.495
galGal4_chr3_91354278_91356176_+_*_XLOC_011029	site	TFEB	D	78	87	CTCACGTGTC	8.5	3.1e-05	-10.382	4.509
galGal4_chr3_91354278_91356176_+_*_XLOC_011029	site	TFEB	R	78	87	GACACGTGAG	8.1	5.1e-05	-9.884	4.292
galGal4_chr1_117420844_117422368_+_*_SCARNA24	site	TFEB	D	50	59	ACCATGTGGT	5.7	3.2e-04	-8.047	3.495
galGal4_chr1_117420844_117422368_+_*_SCARNA24	site	TFEB	R	50	59	ACCACATGGT	6.6	1.6e-04	-8.740	3.796
galGal4_chr1_117420844_117422368_+_*_SCARNA24	site	TFEB	D	408	417	ACCATATGCT	5.6	3.4e-04	-7.987	3.469
galGal4_chr1_117420844_117422368_+_*_SCARNA24	site	TFEB	D	748	757	GTCCCGTGTC	5.8	2.9e-04	-8.146	3.538
galGal4_chr1_117420844_117422368_+_*_SCARNA24	site	TFEB	R	748	757	GACACGGGAC	6.1	2.4e-04	-8.335	3.620
galGal4_chr8_1035758_1037827_+_*_VAV3	site	TFEB	R	866	875	ACCACATGAG	7.1	1.1e-04	-9.115	3.959
galGal4_chr8_1035758_1037827_+_*_VAV3	site	TFEB	D	1170	1179	AGCACGTGCA	5.6	3.4e-04	-7.987	3.469
galGal4_chr8_1035758_1037827_+_*_VAV3	site	TFEB	R	1170	1179	TGCACGTGCT	5.2	4.5e-04	-7.706	3.347
galGal4_chr5_10646723_10648243_+_*_SOX6	site	TFEB	D	16	25	ATCACATGAT	9.8	9.5e-06	-11.564	5.022
galGal4_chr5_10646723_10648243_+_*_SOX6	site	TFEB	R	16	25	ATCATGTGAT	9.0	2.0e-05	-10.820	4.699
galGal4_chr2_87130510_87131509_+_*_IRX1	site	TFEB	D	163	172	AACACCTGAT	5.7	3.2e-04	-8.047	3.495
galGal4_chr2_87130510_87131509_+_*_IRX1	site	TFEB	D	163	172	AACACCTGAT	5.7	3.2e-04	-8.047	3.495
galGal4_chr26_4959032_4960031_+_*_TFEB	site	TFEB	D	821	830	CACACGTGGC	6.7	1.6e-04	-8.740	3.796
galGal4_chr26_4959032_4960031_+_*_TFEB	site	TFEB	R	821	830	GCCACGTGTG	5.8	2.9e-04	-8.146	3.538
galGal4_chr26_4959032_4960031_+_*_TFEB	site	TFEB	D	821	830	CACACGTGGC	6.7	1.6e-04	-8.740	3.796
galGal4_chr26_4959032_4960031_+_*_TFEB	site	TFEB	R	821	830	GCCACGTGTG	5.8	2.9e-04	-8.146	3.538
galGal4_chr9_7126744_7128049_+_*_XLOC_015475	site	YY1	D	328	339	TAAGATGGTCCT	5.7	2.2e-04	-8.422	3.658
galGal4_chr9_7126744_7128049_+_*_XLOC_015475	site	YY1	R	1228	1239	TAAAATGGACAG	4.4	3.9e-04	-7.849	3.409
galGal4_chr3_32659586_32660551_+_*_SULT6B1	site	YY1	R	538	549	CATCATGGCAAC	4.4	3.9e-04	-7.849	3.409
galGal4_chr3_32659586_32660551_+_*_SULT6B1	site	YY1	R	614	625	GAAGATGGTGAA	6.4	1.6e-04	-8.740	3.796
galGal4_chr5_2570682_2572149_+_*_gga	site	YY1	D	241	252	CAGAATGGAGGG	4.5	3.8e-04	-7.875	3.420
galGal4_chr5_2570682_2572149_+_*_gga	site	YY1	D	391	402	CGAGATGGCGCC	8.0	5.8e-05	-9.755	4.237
galGal4_chr2_112964339_112965278_+_*_ENSGALG00000015479	site	YY1	D	108	119	AAAGATGGAGAA	6.5	1.5e-04	-8.805	3.824
galGal4_chr2_112964339_112965278_+_*_ENSGALG00000015479	site	YY1	R	556	567	TACAATGGCTGA	5.2	2.8e-04	-8.181	3.553
galGal4_chr3_91354278_91356176_+_*_XLOC_011029	site	YY1	D	123	134	CAAGATGGGGAT	4.4	3.9e-04	-7.849	3.409
galGal4_chr3_91354278_91356176_+_*_XLOC_011029	site	YY1	R	168	179	GAGGATGGCAGC	6.2	1.7e-04	-8.680	3.770
galGal4_chr3_91354278_91356176_+_*_XLOC_011029	site	YY1	R	1542	1553	CAACATGGGATC	4.1	4.5e-04	-7.706	3.347
galGal4_chr1_117420844_117422368_+_*_SCARNA24	site	YY1	R	1446	1457	GGAAATGGCCGC	6.2	1.7e-04	-8.680	3.770
galGal4_chr1_117420844_117422368_+_*_SCARNA24	site	YY1	R	1507	1518	GAACATGGTCTC	6.3	1.6e-04	-8.740	3.796
galGal4_chr8_1035758_1037827_+_*_VAV3	site	YY1	R	38	49	TGAAATGGCTGC	5.9	2.0e-04	-8.517	3.699
galGal4_chr8_1035758_1037827_+_*_VAV3	site	YY1	R	325	336	AATCATGGCTGT	3.9	4.9e-04	-7.621	3.310
galGal4_chr8_1035758_1037827_+_*_VAV3	site	YY1	R	690	701	TAAGATGGAAGC	7.9	6.3e-05	-9.672	4.201
galGal4_chr8_1035758_1037827_+_*_VAV3	site	YY1	R	778	789	TAGCATGGCAGT	4.1	4.7e-04	-7.663	3.328
galGal4_chr8_1035758_1037827_+_*_VAV3	site	YY1	R	1111	1122	TAGAATGGTGGA	4.7	3.5e-04	-7.958	3.456
galGal4_chr9_21588443_21589179_+_*_KPNA4	site	YY1	D	420	431	CAAAATGGCGGC	11.9	4.0e-07	-14.732	6.398
galGal4_chr5_10646723_10648243_+_*_SOX6	site	YY1	R	201	212	AAAGATGGTCAG	4.8	3.3e-04	-8.016	3.481
galGal4_chr2_142250230_142251903_+_*_gga	site	YY1	D	58	69	CAAAATGGGGGG	3.9	4.9e-04	-7.621	3.310
galGal4_chr3_5603949_5605124_+_*_SNRPB2	site	YY1	D	185	196	GAAAATGGGGGA	3.9	4.9e-04	-7.621	3.310
galGal4_chr3_5603949_5605124_+_*_SNRPB2	site	YY1	D	207	218	GAAAATGGGTGA	4.1	4.5e-04	-7.706	3.347
galGal4_chr3_5603949_5605124_+_*_SNRPB2	site	YY1	D	290	301	GAAAATGGGTGA	4.1	4.5e-04	-7.706	3.347
galGal4_chr3_5603949_5605124_+_*_SNRPB2	site	YY1	D	665	676	GAAAATGGGTGA	4.1	4.5e-04	-7.706	3.347
galGal4_chr3_5603949_5605124_+_*_SNRPB2	site	YY1	D	993	1004	GAAAATGGGTGA	4.1	4.5e-04	-7.706	3.347
galGal4_chr3_11581493_11583017_+_*_ENSGALG00000009178	site	YY1	D	33	44	GAAAATGGGTGA	4.1	4.5e-04	-7.706	3.347
galGal4_chr3_11581493_11583017_+_*_ENSGALG00000009178	site	YY1	D	612	623	GAAAATGGGTGA	4.1	4.5e-04	-7.706	3.347
galGal4_chr3_11581493_11583017_+_*_ENSGALG00000009178	site	YY1	D	695	706	GAAAATGGGTGA	4.1	4.5e-04	-7.706	3.347
galGal4_chr3_11581493_11583017_+_*_ENSGALG00000009178	site	YY1	D	812	823	GAAAATGGGTGA	4.1	4.5e-04	-7.706	3.347
galGal4_chr3_11581493_11583017_+_*_ENSGALG00000009178	site	YY1	D	897	908	GAAAATGGGGGA	3.9	4.9e-04	-7.621	3.310
galGal4_chr3_11581493_11583017_+_*_ENSGALG00000009178	site	YY1	D	939	950	GAAAATGGCGGA	9.5	1.6e-05	-11.043	4.796
galGal4_chr3_11581493_11583017_+_*_ENSGALG00000009178	site	YY1	D	1068	1079	GAAAATGGGTGA	4.1	4.5e-04	-7.706	3.347
galGal4_chr3_11581493_11583017_+_*_ENSGALG00000009178	site	YY1	D	1110	1121	GAAAATGGGTGA	4.1	4.5e-04	-7.706	3.347
galGal4_chr3_11581493_11583017_+_*_ENSGALG00000009178	site	YY1	D	1152	1163	GAAAATGGGGGA	3.9	4.9e-04	-7.621	3.310
galGal4_chr3_11581493_11583017_+_*_ENSGALG00000009178	site	YY1	D	1382	1393	GAAAATGGGTGA	4.1	4.5e-04	-7.706	3.347
galGal4_chr3_11581493_11583017_+_*_ENSGALG00000009178	site	YY1	D	1465	1476	GAAAATGGGTGA	4.1	4.5e-04	-7.706	3.347
galGal4_chr3_11581493_11583017_+_*_ENSGALG00000009178	site	YY1	D	1504	1515	GAAAATGGGGGA	3.9	4.9e-04	-7.621	3.310
galGal4_chr2_116791463_116792812_+_*_EYA1	site	YY1	R	370	381	GAACATGGTGTT	5.1	2.9e-04	-8.146	3.538
galGal4_chr2_116685751_116686124_+_*_EYA1	site	YY1	D	199	210	CAGCATGGCACA	4.2	4.3e-04	-7.752	3.367
galGal4_chr2_116685751_116686124_+_*_EYA1	site	YY1	D	199	210	CAGCATGGCACA	4.2	4.3e-04	-7.752	3.367
galGal4_chr2_116791463_116792812_+_*_EYA1	site	YY1	R	370	381	GAACATGGTGTT	5.1	2.9e-04	-8.146	3.538
galGal4_chr2_116791463_116792812_+_*_EYA1	site	YY1	R	370	381	GAACATGGTGTT	5.1	2.9e-04	-8.146	3.538
galGal4_chr2_116791463_116792812_+_*_EYA1	site	YY1	R	370	381	GAACATGGTGTT	5.1	2.9e-04	-8.146	3.538
galGal4_chr26_4959032_4960031_+_*_TFEB	site	YY1	R	292	303	GAAAATGGCGAA	7.8	6.7e-05	-9.611	4.174
galGal4_chr26_4959032_4960031_+_*_TFEB	site	YY1	R	292	303	GAAAATGGCGAA	7.8	6.7e-05	-9.611	4.174
galGal4_chr17_10117169_10118087_+_*_LMX1B	site	YY1	R	271	282	CATGATGGCTAT	5.2	2.8e-04	-8.181	3.553
galGal4_chr17_10117169_10118087_+_*_LMX1B	site	YY1	R	271	282	CATGATGGCTAT	5.2	2.8e-04	-8.181	3.553
galGal4_chr3_93974046_93974675_+_*_SOX11	site	YY1	D	47	58	GAGGATGGAGGT	4.5	3.8e-04	-7.875	3.420
;
; Matrices
;	matrix	name 	ncol	nrow	pseudo	Wmin	Wmax	Wrange
;	1	LMX1B	11	4	0	-61.600	12.700	74.300	a:0.236 c:0.259 g:0.265 t:0.240 
;	2	TFEB 	10	4	0	-42.600	11.000	53.600	a:0.236 c:0.259 g:0.265 t:0.240 
;	3	YY1  	12	4	0	-57.600	13.100	70.700	a:0.236 c:0.259 g:0.265 t:0.240 
; Number of sequences scanned	34
; Sum of sequence lengths	36050
; N residues           	294
; Matches per matrix
;	matrix	name 	matches	scored
;	1	LMX1B          	73	0
;	2	TFEB           	35	0
;	3	YY1            	49	0
;		TOTAL          	157	0
; Host name	rsat-tagc
; Job started	2022-03-03.092848
; Job done	2022-03-03.092858
; Seconds	3.76
;	user	3.76
;	system	0.08
;	cuser	5.35
;	csystem	0.38
